,Allele,Encoding,Train_size,MCC,MCC_bootstrap,MCC_std,AUC,AUC_bootstrap,AUC_std
0,A0301,BLOSUM50,268,0.4251864412211007,"[0.30277698 0.4272817  0.45426568 0.45629913 0.3358085  0.5131383
 0.49469776 0.4345496  0.32559833 0.41589535 0.3755958  0.54756356
 0.33525717 0.4354783  0.43351125 0.51082537 0.37651024 0.34981024
 0.4379463  0.43140195 0.42109108 0.3171264  0.38765557 0.35763119
 0.38054942 0.47303457 0.38707124 0.3553793  0.4428636  0.41671281
 0.42154652 0.40407063 0.41840579 0.50499006 0.5267624  0.36682848
 0.46669631 0.44359999 0.37284425 0.42320976 0.43574705 0.41494654
 0.38374258 0.48735817 0.35557257 0.34696876 0.43333962 0.37822583
 0.50985757 0.44761425 0.43011342 0.4580741  0.32257087 0.37944916
 0.38168954 0.47134838 0.30307045 0.47140834 0.40774439 0.40462954
 0.50298789 0.40083787 0.44761425 0.48145449 0.47843739 0.40787227
 0.41583539 0.44714271 0.46104372 0.52057557 0.39600159 0.43996918
 0.32523612 0.46194835 0.46921328 0.43657773 0.45007325 0.44366481
 0.49606742 0.39538677 0.44617978 0.39239226 0.43422905 0.43985919
 0.4580741  0.49488097 0.42439059 0.41996603 0.41316712 0.41427434
 0.41427434 0.3951631  0.47016535 0.39782153 0.41358882 0.38913138
 0.37410764 0.42728487 0.47494981 0.42149595 0.32266093 0.40556016
 0.46425851 0.3938198  0.42315057 0.37422065 0.45668574 0.40853879
 0.38951876 0.44337325 0.38940432 0.4300183  0.47353807 0.43785625
 0.4635417  0.48881575 0.25941377 0.43140195 0.5494405  0.40923266
 0.35761811 0.44527768 0.42037264 0.53121495 0.41171121 0.38752462
 0.48367839 0.37478188 0.44132295 0.41890304 0.46950347 0.30451259
 0.41539107 0.46729827 0.43755675 0.43931779 0.45374901 0.4546394
 0.42592081 0.48966839 0.37845813 0.37839671 0.52219757 0.47201225
 0.48082265 0.52316187 0.47779954 0.43677352 0.44193745 0.38242935
 0.44410117 0.46063645 0.554714   0.46975346 0.41768563 0.40393809
 0.40767039 0.37220018 0.54404437 0.36941603 0.36239069 0.43833819
 0.42119335 0.47341902 0.3922707  0.36569958 0.42323184 0.32457856
 0.42154671 0.47673129 0.49775114 0.46540953 0.36235729 0.50660158
 0.43725468 0.39051459 0.44123163 0.45745164 0.47335139 0.45444317
 0.41675676 0.4359216  0.51181759 0.46082885 0.34347172 0.47300898
 0.33728801 0.45098643 0.45276578 0.51839253 0.37349263 0.45766959
 0.48317045 0.47171479 0.45223461 0.54930951 0.36623618 0.44779319
 0.45574504 0.37561994 0.42314487 0.26782207 0.34933297 0.36632403
 0.39979939 0.44468516 0.4428106  0.35390835 0.41580046 0.36412922
 0.4660087  0.412737   0.3366279  0.38089515 0.42178012 0.35352941
 0.52029102 0.3885897  0.37366679 0.44546608 0.49223762 0.53149807
 0.43579779 0.37298532 0.44320831 0.43835953 0.44884998 0.42378218
 0.47303662 0.46272167 0.42919338 0.4039514  0.40559884 0.43252758
 0.49401526 0.30565096 0.5349186  0.52178335 0.41489577 0.37516049
 0.45990611 0.43955451 0.3872465  0.37799191 0.42783573 0.39794526
 0.43931779 0.48571735 0.32853595 0.42356347 0.33025512 0.44948862
 0.42073717 0.36234164 0.45949153 0.46612    0.50060073 0.50272566
 0.44674606 0.37025294 0.37503084 0.38551223 0.50076301 0.43351125
 0.50225252 0.38928437 0.41021908 0.40831942 0.46539198 0.38480379
 0.50855156 0.42348429 0.39076525 0.41271824 0.3196634  0.35653575
 0.38060058 0.48490267 0.39691585 0.52723168 0.4493603  0.41709463
 0.41133624 0.36286192 0.46468685 0.42758822 0.41739744 0.3259464
 0.57397868 0.3537069  0.41343867 0.40956011 0.37021117 0.46617331
 0.40243441 0.46458894 0.41239779 0.27837118 0.44633377 0.51833953
 0.40596025 0.41581762 0.29320375 0.47292521 0.58377794 0.4428636
 0.40684242 0.55855055 0.43626818 0.37504876 0.50876447 0.47303457
 0.33572245 0.53727316 0.46480031 0.31651679 0.49616012 0.40923593
 0.46842788 0.43965182 0.46234137 0.38587486 0.40329261 0.48534492
 0.46949716 0.4159466  0.54145401 0.44672589 0.35266705 0.50599005
 0.42672517 0.42584433 0.39063338 0.43657773 0.38899587 0.46843075
 0.48018429 0.48288928 0.41780113 0.30336127 0.50349565 0.39094806
 0.44857235 0.41244551 0.37187764 0.34675698 0.37733263 0.45651254
 0.37949296 0.39848884 0.39735726 0.4201015  0.29954367 0.438959
 0.43200128 0.48130838 0.54649475 0.41564874 0.46810867 0.47268597
 0.47087465 0.43504759 0.53474703 0.46921328 0.30444371 0.46609925
 0.44264296 0.47244561 0.42289752 0.45381237 0.44452122 0.42394603
 0.4294117  0.43025711 0.35884798 0.44605203 0.51495789 0.31434965
 0.41351168 0.44359345 0.39238025 0.41880403 0.41704471 0.40924787
 0.33405625 0.48558252 0.41827566 0.39192339 0.42945356 0.32989752
 0.40572088 0.40648989 0.47623163 0.42200254 0.43698212 0.50076711
 0.4697107  0.31217382 0.4594936  0.49095731 0.49544913 0.36128053
 0.46475498 0.43119287 0.42224466 0.45426568 0.40592237 0.40901506
 0.42434213 0.46246689 0.33654486 0.3734431  0.3993397  0.40262977
 0.4941961  0.36520294 0.44735725 0.43035005 0.40988981 0.45355587
 0.37606413 0.47023049 0.37811811 0.32141257 0.35514292 0.35394056
 0.38617474 0.42555255 0.46492304 0.4968089  0.40283527 0.31053292
 0.47289751 0.32473046 0.29470137 0.45332306 0.40579902 0.42100866
 0.41122495 0.44118856 0.40686027 0.38110704 0.42152013 0.39450372
 0.36150779 0.44835649 0.41258272 0.36406026 0.33291056 0.44794851
 0.38112886 0.46575085 0.51050296 0.42869484 0.51484448 0.44961867
 0.42989451 0.49669521 0.44050087 0.45355587 0.2966953  0.50106707
 0.41901962 0.39766426 0.42716278 0.41155564 0.38167469 0.38632491
 0.34431702 0.54175851 0.43319035 0.47743295 0.52448101 0.50225252
 0.45380628 0.41029037 0.37211573 0.46340936 0.47481644 0.35601701
 0.45499036 0.42830016 0.41126856 0.40567513 0.36045688 0.51303889
 0.44005544 0.45722057 0.47435899 0.42908884 0.40426374 0.45424946
 0.42192377 0.3849906  0.38619399 0.43011342 0.40175162 0.44599758
 0.38827418 0.42083326 0.47308703 0.4825333  0.43294565 0.37503835
 0.39848884 0.38928371 0.43605711 0.42582623 0.43973029 0.42436017
 0.53436593 0.48012147 0.43680803 0.41126507 0.48106091 0.46611281
 0.50154517 0.38160277 0.39346728 0.45981655 0.42150535 0.42172271
 0.32182229 0.52195614 0.46899392 0.43944895 0.32232506 0.44527768
 0.47090701 0.50492507 0.34454388 0.39848884 0.4270836  0.52842997
 0.49413265 0.39238025 0.44488469 0.37641355 0.46795729 0.50776075
 0.53757097 0.39595448 0.56125431 0.51148305 0.42929476 0.48508217
 0.46939778 0.36128433 0.43585645 0.42830016 0.41171702 0.36613213
 0.50693922 0.47469982 0.49414985 0.35314765 0.42104969 0.49731368
 0.45605748 0.40510224 0.37790137 0.43959179 0.34340616 0.47092368
 0.41045935 0.4323402  0.40556016 0.4529595  0.40605689 0.49332227
 0.48375393 0.50777863 0.43127763 0.34037414 0.37811524 0.47062396
 0.46954162 0.49223762 0.3793085  0.3516647  0.40394515 0.43694615
 0.4632195  0.49206281 0.52077175 0.39960546 0.46882869 0.41193909
 0.42665328 0.45304538 0.369765   0.43842733 0.43043497 0.42264443
 0.48108418 0.40080309 0.41117672 0.4675735  0.43596657 0.36359951
 0.41244551 0.39799454 0.44714204 0.39898178 0.42654403 0.33275151
 0.45645657 0.39821028 0.45823104 0.3951631  0.42568713 0.49799555
 0.47714853 0.36808558 0.40076771 0.42587867 0.42339306 0.32809977
 0.44719808 0.43353581 0.44005544 0.35686599 0.41432661 0.45681145
 0.49769419 0.36951716 0.45521673 0.44404591 0.39064984 0.38006195
 0.43140423 0.42662114 0.41844641 0.33725346 0.46580673 0.36913901
 0.40923593 0.44375709 0.40517182 0.3827478  0.48363111 0.4142896
 0.34728074 0.42794313 0.34222311 0.3871117  0.44080251 0.39590451
 0.34523206 0.48605141 0.38068545 0.5142935  0.35435768 0.44582894
 0.42491959 0.42996884 0.44515919 0.42152013 0.41035275 0.49446982
 0.45332306 0.42558658 0.39652729 0.45751975 0.44064193 0.42728166
 0.39603336 0.48575425 0.36036756 0.56574844 0.44677485 0.36569958
 0.49095731 0.37957893 0.42723419 0.41984566 0.28888222 0.51418772
 0.29829379 0.39865353 0.4006375  0.28341516 0.46367244 0.31005678
 0.31622777 0.43680803 0.47435899 0.41926229 0.32409639 0.3680564
 0.38995544 0.3987629  0.36320325 0.3385179  0.40924787 0.42974447
 0.31108222 0.39652251 0.50359068 0.40054524 0.45262073 0.42119335
 0.40633036 0.45279469 0.46458894 0.39225156 0.47109646 0.46453491
 0.46702449 0.3755958  0.4322135  0.44343804 0.47335139 0.3676176
 0.4854236  0.36036756 0.41489577 0.48240951 0.45141682 0.47292521
 0.52138287 0.37374098 0.40097611 0.40330736 0.43232149 0.48006308
 0.44345721 0.37811495 0.42565591 0.46326092 0.39828703 0.44533016
 0.44633107 0.41448662 0.38676289 0.49519272 0.45027622 0.42091845
 0.40623538 0.42006216 0.38425672 0.4300183  0.37564503 0.44789091
 0.37677827 0.34554893 0.40633669 0.41824427 0.45607313 0.49664429
 0.43623219 0.42123138 0.42821508 0.40287469 0.45864283 0.37333691
 0.46914519 0.45731687 0.35805581 0.38913138 0.37754911 0.42499888
 0.42414026 0.45227716 0.38937169 0.3366279  0.4591045  0.37574527
 0.52700853 0.39694497 0.4134473  0.45235456 0.38598524 0.4299815
 0.5496949  0.3340283  0.39213715 0.413091   0.46638244 0.36086913
 0.42830016 0.4349895  0.48206441 0.3196634  0.45022474 0.3238797
 0.43924269 0.36093694 0.39922398 0.47092368 0.48846829 0.45078395
 0.3951631  0.52273206 0.5221761  0.49099885 0.41675676 0.48375393
 0.38937169 0.50585258 0.38281352 0.41443967 0.43545329 0.42929476
 0.37170988 0.46824947 0.47742076 0.29375668 0.43343585 0.48195777
 0.44541101 0.45930805 0.41269468 0.45007987 0.4159466  0.36151021
 0.44183986 0.30901333 0.42045289 0.36308957 0.39507179 0.45930805
 0.33828594 0.35717225 0.42405225 0.47602364 0.4301708  0.53826045
 0.36683004 0.3885897  0.46720753 0.39910177 0.46669631 0.42139769
 0.39764275 0.39794526 0.45374227 0.34885708 0.44498403 0.42783573
 0.40559884 0.44340346 0.48986647 0.39137603 0.4045145  0.37296969
 0.43325813 0.42516909 0.43312483 0.46132706 0.45622678 0.36885167
 0.35793641 0.36647092 0.48080794 0.33869169 0.48289635 0.38263968
 0.50534406 0.49440849 0.38491608 0.4958854  0.47824799 0.38378582
 0.45809077 0.44719808 0.22078528 0.40451894 0.37792867 0.38459017
 0.38059674 0.47843739 0.38673955 0.33456841 0.30930474 0.47589691
 0.43715581 0.36234164 0.44328821 0.42367201 0.37111535 0.33618608
 0.34645783 0.49439776 0.3730459  0.44761425 0.42178012 0.46145467
 0.3887189  0.52427432 0.46901166 0.44054068 0.3725768  0.52909627
 0.28068514 0.47236637 0.42996884 0.35725345 0.42300204 0.43243509
 0.46208129 0.46124627 0.47818824 0.43951979 0.55743984 0.39793922
 0.38619399 0.45981655 0.34247151 0.4120499  0.48617942 0.4134473
 0.37561696 0.49786556 0.49317327 0.42663956 0.45475801 0.36315595
 0.42369338 0.46062611 0.45844239 0.49057829 0.38799013 0.43480685
 0.39994828 0.49920291 0.26193584 0.4493603  0.30564466 0.4184156
 0.35841493 0.34800206 0.44965158 0.51733552 0.42565591 0.48831827
 0.39754214 0.43982942 0.45864283 0.37074128 0.42366738 0.43312483
 0.35975678 0.45731466 0.3939818  0.4897357  0.39416126 0.39666677
 0.40868371 0.47113622 0.452588   0.49954268 0.46380011 0.34066091
 0.50854453 0.47629327 0.47172448 0.45864283 0.40141631 0.43770335
 0.35947514 0.4107423  0.38090019 0.44910798 0.39694497 0.41266406
 0.46765043 0.48922858 0.44460592 0.40772536 0.45612846 0.53642736
 0.37525895 0.38085856 0.39027813 0.46284679 0.39586157 0.41443967
 0.38542012 0.42783573 0.40623538 0.42309604 0.54111507 0.44114206
 0.43428828 0.47916459 0.37366043 0.37641355 0.35684404 0.42106464
 0.46650902 0.43064211 0.42728166 0.46134694 0.31577377 0.32396391
 0.43573049 0.40350245 0.52938749 0.46009272]",0.05436528613525895,0.863238301254637,"[0.82361888 0.86313708 0.87387548 0.90467564 0.84324085 0.87372797
 0.89848091 0.83478078 0.83331849 0.89512987 0.84542936 0.89939413
 0.84994142 0.85181958 0.86000304 0.87751269 0.86627111 0.84313725
 0.86383635 0.87415626 0.83919063 0.84617624 0.84913903 0.84957991
 0.85489962 0.84617347 0.83204719 0.86474973 0.87683824 0.81378368
 0.88655149 0.86100769 0.85806452 0.84963227 0.89502825 0.83271283
 0.89632848 0.88191085 0.8578427  0.8713522  0.84972182 0.88597128
 0.86653755 0.85616352 0.84769794 0.85261907 0.88057102 0.84393631
 0.88671066 0.8598852  0.8312971  0.86902516 0.86405294 0.82338624
 0.85619794 0.87478527 0.83126026 0.86647886 0.82254294 0.87475895
 0.86100701 0.85819078 0.88364158 0.87404219 0.89121887 0.85087793
 0.86199242 0.88591727 0.84795808 0.87353316 0.85409514 0.85316384
 0.83473039 0.86167275 0.88221259 0.86489167 0.86850337 0.86166952
 0.88628604 0.85419552 0.86568428 0.85151377 0.86925609 0.85561224
 0.88169811 0.88264658 0.87111801 0.865267   0.83884464 0.85563799
 0.86196486 0.89226536 0.8737776  0.86210317 0.88145358 0.83677421
 0.85471698 0.85586507 0.86141509 0.85592682 0.86511216 0.84286141
 0.88093697 0.83060127 0.84586314 0.85076769 0.85023581 0.87263017
 0.85142471 0.87811341 0.85152465 0.85011947 0.84661274 0.85732443
 0.8783072  0.86656534 0.82397148 0.90346741 0.89404093 0.87153668
 0.8659213  0.88346816 0.87116352 0.91242582 0.86595064 0.86133457
 0.87793854 0.85683559 0.86042381 0.86358887 0.8784181  0.83623059
 0.83974843 0.88267977 0.8652797  0.88090615 0.87705169 0.85252859
 0.84935224 0.87297373 0.84506289 0.83168439 0.87550777 0.88873057
 0.87953209 0.91029416 0.89141226 0.86229003 0.89246699 0.87034439
 0.85856625 0.87589744 0.90100387 0.84216575 0.89128239 0.84271122
 0.83955576 0.8657777  0.89052795 0.86804628 0.86225403 0.872788
 0.8426911  0.87684446 0.82655827 0.85985123 0.83892547 0.83540482
 0.87706922 0.87693329 0.87799347 0.87334566 0.8464847  0.90801762
 0.87872741 0.85199922 0.83718429 0.83887337 0.88118812 0.84620125
 0.85223164 0.87435052 0.87291977 0.89061057 0.81319806 0.87562724
 0.85132366 0.87436224 0.85494575 0.88096884 0.84874214 0.86058258
 0.85400033 0.85516449 0.86666667 0.91032583 0.83956716 0.85248069
 0.86719063 0.85941328 0.87003968 0.83604851 0.83506289 0.84226415
 0.86817417 0.87130656 0.88098723 0.85361452 0.86449405 0.87473436
 0.87674547 0.86849882 0.82857143 0.83670363 0.85264576 0.83664872
 0.87116625 0.8666217  0.86649324 0.8522137  0.88451225 0.88318452
 0.86358418 0.84995343 0.87761787 0.86644951 0.8743344  0.84028371
 0.8953922  0.87983097 0.8637741  0.84267981 0.81865661 0.85225862
 0.86630405 0.82378144 0.9062115  0.87977746 0.84890792 0.85217228
 0.8545542  0.87984178 0.83362448 0.84409626 0.87456802 0.86603028
 0.88623825 0.87341655 0.85189702 0.86358277 0.83424864 0.87890276
 0.87318445 0.84469801 0.87867647 0.84991145 0.86423319 0.8966867
 0.88251536 0.89343112 0.84613998 0.84735332 0.9027957  0.8473452
 0.84295597 0.86429539 0.85823156 0.86919214 0.84859694 0.85943503
 0.88169803 0.87264209 0.88161903 0.86164875 0.84029272 0.83063995
 0.83712607 0.8719536  0.87452774 0.89491602 0.86780218 0.85057471
 0.87189413 0.84821429 0.86176607 0.82556241 0.86463648 0.83649253
 0.87738061 0.88900953 0.84813654 0.84624571 0.86937527 0.87316998
 0.85867834 0.84892473 0.89156279 0.81412784 0.84491044 0.87024872
 0.85974089 0.8540678  0.80495968 0.88399044 0.88936679 0.86461251
 0.87040829 0.88976898 0.88552956 0.85736766 0.87295259 0.86916454
 0.85108403 0.89576271 0.90357409 0.84764948 0.89597089 0.84852534
 0.88839138 0.87790077 0.85065401 0.84594219 0.86368883 0.89430654
 0.86833333 0.85164132 0.89664672 0.89472482 0.80731177 0.86801524
 0.84686995 0.87366894 0.82936836 0.84253388 0.8654287  0.87763062
 0.87088109 0.88131306 0.86682125 0.8146052  0.90843664 0.85220261
 0.84321411 0.88348267 0.85041816 0.83636788 0.86020075 0.88442418
 0.86124569 0.85135645 0.88260223 0.85585783 0.83305411 0.8736413
 0.8679096  0.8643637  0.88009544 0.84886499 0.86134803 0.8597561
 0.86745976 0.84380746 0.87483434 0.86292301 0.84335382 0.85683806
 0.87110169 0.86048726 0.88116624 0.90197981 0.86345417 0.87434573
 0.8746118  0.85411742 0.88023919 0.84506087 0.90578848 0.84293569
 0.8582736  0.91306247 0.86261006 0.83675282 0.85688776 0.86508444
 0.8220092  0.88833221 0.8719118  0.85052739 0.85531661 0.81984622
 0.86836043 0.86291658 0.87256319 0.8367481  0.87760289 0.89194021
 0.88402957 0.83518131 0.85936232 0.87948836 0.86726568 0.86556219
 0.86581263 0.86448626 0.87918392 0.87544907 0.86316411 0.86607143
 0.87123724 0.87950027 0.84610434 0.85368596 0.88681777 0.88315412
 0.89072971 0.84455133 0.86597999 0.86593205 0.86843297 0.86253377
 0.82737579 0.86084152 0.86409797 0.8528699  0.85636856 0.86698718
 0.84327328 0.85179748 0.86845878 0.88020683 0.8721145  0.81033034
 0.86710663 0.81688437 0.81928417 0.86592883 0.85506353 0.87159592
 0.85603159 0.89179457 0.88744418 0.8517312  0.88412137 0.89333931
 0.86738351 0.87685668 0.87273192 0.87855606 0.84669811 0.88587571
 0.82702916 0.87178686 0.87535077 0.87998819 0.91678761 0.86839166
 0.88179711 0.87166334 0.86835598 0.86749206 0.81165891 0.86837748
 0.89598993 0.85849057 0.85861571 0.854184   0.83876272 0.8717244
 0.8391975  0.91567268 0.85253837 0.86210451 0.89811862 0.89305031
 0.86185654 0.86633413 0.81072327 0.86962992 0.87645171 0.85044643
 0.8611926  0.87862537 0.86577372 0.86469894 0.84019013 0.89269716
 0.87687155 0.87967329 0.84542545 0.84919447 0.84539765 0.86940614
 0.87719799 0.84689384 0.85691824 0.87128911 0.87233586 0.84482342
 0.85145897 0.88968109 0.86774194 0.84478348 0.8288367  0.84811862
 0.86809807 0.85009807 0.84900601 0.86063019 0.86850808 0.86415219
 0.88238771 0.88700905 0.86871795 0.8546847  0.86701742 0.85504723
 0.88487544 0.8428874  0.866274   0.88745915 0.86433962 0.84844059
 0.84571675 0.88001792 0.88535896 0.84979632 0.86954181 0.89664866
 0.87631009 0.87953209 0.87628613 0.85097925 0.8859319  0.86789526
 0.88410856 0.83827044 0.87193778 0.85917877 0.89343112 0.84574468
 0.88108091 0.81959366 0.88877784 0.87929408 0.8697636  0.86511325
 0.86574206 0.83776335 0.89416952 0.84367391 0.87595579 0.81444515
 0.8654124  0.88870523 0.87719979 0.84061122 0.88157436 0.89799731
 0.87002825 0.86312221 0.86563713 0.90314812 0.83102646 0.8712517
 0.87675765 0.8384155  0.87535842 0.86196783 0.86297832 0.8735909
 0.90452848 0.90004623 0.86759192 0.81257862 0.8518062  0.87535842
 0.86579971 0.88756357 0.86019896 0.81916454 0.85798742 0.88979592
 0.87324859 0.86505102 0.86097501 0.87916036 0.86760164 0.86414876
 0.88506873 0.86758519 0.8290829  0.86501377 0.87572697 0.84164719
 0.87581141 0.86622642 0.85477941 0.85462335 0.8320892  0.86840071
 0.86989755 0.85289997 0.87745283 0.83454094 0.86760159 0.85443399
 0.86130374 0.83063754 0.87877681 0.87037373 0.86018519 0.88163769
 0.87019111 0.86342474 0.86043009 0.87348993 0.85300472 0.84933856
 0.85764151 0.88181949 0.8417389  0.86076373 0.84115798 0.86639493
 0.87739656 0.85914634 0.88007893 0.86600273 0.87163647 0.84862412
 0.82860873 0.87611607 0.82565427 0.85610769 0.87871069 0.86302516
 0.81642496 0.85264668 0.86378169 0.85292033 0.85147172 0.84161703
 0.84368703 0.85227829 0.81583836 0.84758048 0.87936836 0.84068433
 0.86176182 0.87910098 0.84915094 0.86788903 0.8450574  0.87607256
 0.87039096 0.87987421 0.87258104 0.85042815 0.85283688 0.87270653
 0.83269123 0.85942542 0.86903518 0.85341372 0.88449686 0.8675887
 0.84376531 0.88166001 0.84481972 0.90848949 0.86534591 0.86402395
 0.88679303 0.86351355 0.84770408 0.86492959 0.82104795 0.85234793
 0.82296122 0.86443781 0.86341009 0.83959056 0.90041454 0.83099584
 0.81658791 0.86130687 0.88933716 0.89578616 0.84543311 0.86109095
 0.87341297 0.82718725 0.84234435 0.84055987 0.87476038 0.85878347
 0.86050767 0.83772401 0.87419121 0.8667498  0.8746765  0.83796296
 0.86299258 0.8509481  0.87078853 0.87596361 0.88004501 0.87522376
 0.8524609  0.84187714 0.85531683 0.86375517 0.89129    0.83224537
 0.88762565 0.86578427 0.86550633 0.87970998 0.87042842 0.88518519
 0.88411819 0.85447154 0.86231058 0.87316278 0.84994097 0.87518142
 0.85577168 0.83949233 0.85163812 0.89855328 0.88258943 0.86744542
 0.89321243 0.84885141 0.85915582 0.86785809 0.86100949 0.87693019
 0.86195492 0.85812772 0.88441555 0.89808841 0.86238205 0.87691159
 0.84743789 0.85119433 0.8642638  0.87432917 0.8470904  0.87926829
 0.85335027 0.86694051 0.85764393 0.87596178 0.86014888 0.87877513
 0.89290477 0.87606877 0.84714674 0.85941843 0.83332222 0.86695561
 0.862832   0.87567369 0.84015885 0.86745778 0.87154664 0.86514668
 0.90245372 0.87022668 0.85369981 0.86210254 0.89325403 0.83252298
 0.90358247 0.84105983 0.84588835 0.87564935 0.87597484 0.84518868
 0.89483742 0.85248803 0.88312463 0.85114077 0.87275217 0.83168317
 0.86541219 0.86368202 0.85017921 0.85947247 0.87986894 0.84965326
 0.84869376 0.90344806 0.89837278 0.87158801 0.87412429 0.86067344
 0.86206255 0.86710345 0.84830995 0.84484512 0.8915386  0.86636453
 0.85972293 0.88778233 0.88015747 0.86173524 0.88594408 0.88777502
 0.86454741 0.87516904 0.83325997 0.90051221 0.86831996 0.89300472
 0.86318385 0.81715124 0.84260297 0.84262295 0.84821429 0.88235117
 0.83397576 0.85246066 0.85952402 0.86253675 0.87489598 0.89303424
 0.87670045 0.86928734 0.89385113 0.86419753 0.87236278 0.8572314
 0.8683856  0.86413759 0.87494097 0.87541994 0.87341655 0.87111218
 0.83058175 0.87665927 0.8448626  0.85821544 0.83724061 0.82337508
 0.8556493  0.84846016 0.85173238 0.87688193 0.83962264 0.83414392
 0.84956611 0.84831551 0.8606053  0.85965381 0.88099497 0.84788996
 0.87004845 0.85350242 0.86207211 0.88833689 0.84041037 0.85425699
 0.86067526 0.86204403 0.79559095 0.87798686 0.8664529  0.84763955
 0.89017857 0.86114192 0.86614151 0.86478081 0.84       0.87558975
 0.87088776 0.84332877 0.87221338 0.85680382 0.87145392 0.85281177
 0.84157621 0.88672969 0.86124557 0.86489158 0.8505022  0.8595791
 0.88599164 0.86644068 0.88754996 0.85612994 0.86674107 0.91819614
 0.84406888 0.8882366  0.88163522 0.85507972 0.86137379 0.85793397
 0.86589404 0.86820551 0.89721668 0.86310665 0.91261231 0.83235529
 0.85069182 0.86569211 0.85054436 0.83616352 0.86551064 0.85372899
 0.82125329 0.89714839 0.89514681 0.82935449 0.83880913 0.82184134
 0.82855777 0.89157569 0.88656086 0.88525492 0.89441783 0.86937591
 0.84926826 0.87776237 0.79893082 0.8847729  0.83988695 0.83752449
 0.82407087 0.84044025 0.88367769 0.91249353 0.85827749 0.87179736
 0.87389233 0.87454513 0.84459884 0.8571299  0.87245031 0.86911589
 0.84987245 0.84539991 0.8452458  0.88885062 0.82522401 0.86363896
 0.84809872 0.86744542 0.88892276 0.87831715 0.84942412 0.81017067
 0.8725677  0.87257862 0.8706038  0.85257237 0.88753463 0.84834931
 0.84451174 0.88002823 0.88156144 0.85730436 0.84886658 0.83874326
 0.86821847 0.87669051 0.8698023  0.8756799  0.87967503 0.89563325
 0.83604777 0.83811642 0.87176747 0.87764795 0.86855867 0.88605332
 0.85181804 0.86269796 0.87451004 0.86397889 0.87965768 0.85678098
 0.87811321 0.86269331 0.87992741 0.84501648 0.85048566 0.84748078
 0.89555399 0.85734674 0.87441643 0.87997449 0.850242   0.82659212
 0.86559399 0.84457112 0.87729667 0.87470314]",0.019793918843852353
1,A0301,BLOSUM50,670,0.6413385705619606,"[0.65460633 0.6122982  0.67371223 0.72038673 0.6122279  0.71441145
 0.60222401 0.66179681 0.54394486 0.72392502 0.58355134 0.68481232
 0.63043411 0.64044069 0.67796646 0.67151189 0.62688811 0.58850716
 0.69412537 0.65110531 0.69962089 0.63656334 0.66658075 0.58321322
 0.71700651 0.58761508 0.55604804 0.63404579 0.65418794 0.6751971
 0.65356079 0.6252561  0.62862384 0.67148333 0.67586085 0.63300716
 0.66540348 0.62964261 0.58716946 0.64960031 0.64503554 0.65550767
 0.63678566 0.66560321 0.5805664  0.69445982 0.75483383 0.62346878
 0.6839485  0.64287984 0.6175716  0.64141737 0.64780355 0.60594957
 0.59522484 0.63907967 0.61455749 0.71909258 0.62134343 0.67011059
 0.64913565 0.62286914 0.67038868 0.60570132 0.7112073  0.62115294
 0.62043959 0.68572203 0.62841465 0.6970793  0.58876114 0.61540682
 0.65071678 0.67357753 0.57958547 0.64802416 0.65385944 0.65405035
 0.63140958 0.63760896 0.5927305  0.58084485 0.67225779 0.66837778
 0.7107592  0.66714131 0.65821667 0.67796638 0.60380862 0.6568588
 0.57470545 0.64425469 0.66112399 0.67375568 0.669896   0.59835693
 0.60369183 0.65939686 0.70233684 0.65110569 0.66201946 0.59884653
 0.68086484 0.62494739 0.72194707 0.58050863 0.6418147  0.63765696
 0.65761246 0.64696736 0.58041304 0.56864305 0.62912075 0.65394213
 0.65336238 0.65437251 0.53218583 0.70351766 0.73187723 0.65094939
 0.57915292 0.66772855 0.61005736 0.72099046 0.6508497  0.66661482
 0.73311571 0.61795564 0.58301584 0.65437251 0.64040117 0.64314171
 0.61165076 0.64828897 0.58508809 0.620466   0.65335149 0.63990908
 0.65304802 0.68262107 0.56511442 0.70928445 0.68556098 0.72936096
 0.69061315 0.72978379 0.68531561 0.58940154 0.64002303 0.66760584
 0.64463239 0.65473257 0.73113302 0.66999196 0.65807881 0.63048623
 0.62212965 0.65916198 0.70201395 0.67313259 0.59800634 0.63473208
 0.67400902 0.67331191 0.5552936  0.62341693 0.71159721 0.5921029
 0.65687273 0.6862365  0.68068406 0.65756744 0.69977339 0.66772855
 0.67602472 0.61205143 0.56070046 0.58310373 0.62757023 0.65965242
 0.57243681 0.65355878 0.7768465  0.65110569 0.58579468 0.6287022
 0.63096331 0.59052694 0.7181168  0.62518896 0.60800622 0.59904703
 0.59924266 0.69470711 0.63910672 0.66211973 0.62032942 0.64733545
 0.64568391 0.68317414 0.57171032 0.54710452 0.6767672  0.60369183
 0.60813794 0.6648263  0.62653642 0.61449499 0.61942214 0.66947815
 0.6579007  0.66209678 0.58121314 0.68287345 0.64643183 0.66239903
 0.65109422 0.67259907 0.68901287 0.6337621  0.64023123 0.71661305
 0.635165   0.59076255 0.66996568 0.60189003 0.63556462 0.61554333
 0.68753255 0.67151189 0.62783256 0.65060224 0.55639091 0.66337259
 0.71797759 0.60094174 0.68370249 0.74393329 0.66363744 0.66126745
 0.67586757 0.58121314 0.64581049 0.58140584 0.65458174 0.68254976
 0.65533571 0.67306401 0.5113906  0.70120171 0.59098209 0.62804344
 0.74613128 0.61184552 0.68064919 0.6409855  0.70103243 0.69511487
 0.66003087 0.66867035 0.6615484  0.65136999 0.72355521 0.61911208
 0.65718069 0.62238557 0.61779768 0.68033876 0.61383662 0.64724527
 0.65624503 0.69271035 0.66996837 0.60613528 0.63306803 0.57693951
 0.63642661 0.6842233  0.63386569 0.71130481 0.63359351 0.63839428
 0.61066192 0.54628936 0.65859547 0.5156913  0.71222676 0.59758997
 0.6952582  0.56549175 0.58193694 0.59323854 0.61565426 0.64357941
 0.71148969 0.59965177 0.60967971 0.54029949 0.66060452 0.7136596
 0.64648093 0.6281348  0.55744134 0.75536598 0.66409535 0.625596
 0.57084207 0.69437069 0.65443861 0.61735359 0.69245517 0.65095976
 0.61265413 0.67998041 0.69381596 0.63621916 0.61543205 0.64134088
 0.66872279 0.68077681 0.58861849 0.61337596 0.57414324 0.64618392
 0.68896748 0.57812475 0.65756561 0.72821423 0.6003263  0.64634075
 0.63930212 0.69804464 0.6337621  0.60125185 0.5781478  0.67370652
 0.66772855 0.69749602 0.60547376 0.55744134 0.68411971 0.61410286
 0.63434646 0.69476557 0.64260637 0.63926833 0.66174226 0.66428856
 0.58486707 0.67604425 0.67954661 0.66965595 0.58556428 0.58777257
 0.64092744 0.65881008 0.73357295 0.60677838 0.66415997 0.633921
 0.68828993 0.58391234 0.67306401 0.61167374 0.6238834  0.66898185
 0.66723349 0.6248532  0.64541385 0.72999875 0.69481394 0.64303595
 0.63271567 0.62370753 0.66013448 0.63811477 0.696426   0.52990326
 0.62812004 0.7112073  0.66799497 0.63861477 0.69157212 0.69257723
 0.6343336  0.62422879 0.64535213 0.60293444 0.61892806 0.6279905
 0.58914629 0.67495349 0.68674846 0.58037961 0.66134523 0.6442548
 0.63111049 0.61779768 0.65497982 0.74669115 0.59599182 0.65338823
 0.68430095 0.64999724 0.65527142 0.63245659 0.61232339 0.68945365
 0.55016775 0.68901287 0.50006374 0.57554597 0.63559057 0.65706396
 0.6945971  0.62168772 0.65087    0.59946776 0.62456958 0.65399904
 0.57151404 0.66993008 0.62098369 0.63785856 0.69206679 0.63085073
 0.60859034 0.63684186 0.61585625 0.70245269 0.58912232 0.53466982
 0.69171819 0.63725258 0.5534842  0.61101753 0.62236658 0.55275323
 0.60187514 0.60505306 0.68798465 0.60940352 0.58681237 0.62831073
 0.67180932 0.66350259 0.67142578 0.63625292 0.58179273 0.71372318
 0.55857951 0.6333744  0.68247948 0.65714166 0.70198862 0.69380625
 0.67847809 0.5625217  0.68678262 0.65969677 0.49896354 0.64917495
 0.73175652 0.59991465 0.63758442 0.62286914 0.60334049 0.58182202
 0.6267247  0.79401784 0.53915267 0.68235893 0.71777528 0.65078649
 0.62697578 0.61724198 0.65179018 0.63963248 0.67165134 0.67061975
 0.67424349 0.68024632 0.66267738 0.65513383 0.60942133 0.69429227
 0.69515666 0.61227003 0.67778254 0.63658133 0.59085357 0.67354218
 0.68259715 0.64535213 0.61350091 0.58039162 0.54798787 0.62218828
 0.66156573 0.62378278 0.60707142 0.58940154 0.58917818 0.65136999
 0.62803237 0.58890324 0.61858424 0.63818787 0.71936488 0.62592387
 0.70307742 0.65469102 0.66813831 0.69686465 0.65236422 0.6761234
 0.6615484  0.59149559 0.69759088 0.71455721 0.68609788 0.66359067
 0.60652304 0.63589912 0.6784219  0.64901124 0.61499589 0.60708948
 0.67381345 0.65335149 0.68267791 0.63481084 0.66665939 0.65515355
 0.69236433 0.59499365 0.61061154 0.60960799 0.61958224 0.6143582
 0.6931843  0.61506815 0.62141982 0.67814375 0.69116723 0.68278669
 0.63407352 0.63663036 0.66128735 0.68881299 0.57666661 0.54669783
 0.62262742 0.67279657 0.70889067 0.56392712 0.6995837  0.72002408
 0.64092744 0.59103602 0.64235747 0.69067463 0.65587049 0.62296236
 0.70699151 0.56952894 0.67153765 0.67340515 0.68191326 0.65071678
 0.67369994 0.70200109 0.60746152 0.63552703 0.65948571 0.62180101
 0.59751397 0.60961471 0.65128388 0.61958224 0.64914272 0.64308497
 0.64724527 0.68179151 0.59278413 0.63100937 0.6809797  0.66653953
 0.62375393 0.72554544 0.64023612 0.67404664 0.68627081 0.58685641
 0.65492553 0.6259415  0.63270122 0.61522282 0.64002199 0.65193047
 0.64974045 0.67726409 0.68139914 0.56639128 0.73415621 0.60469659
 0.53497782 0.57930324 0.68573011 0.69470711 0.66431236 0.67749889
 0.69234049 0.6057377  0.57246836 0.6847119  0.55510541 0.64592272
 0.57010595 0.72351599 0.66199497 0.60608751 0.60579862 0.6839726
 0.64208098 0.57480636 0.70725797 0.55884049 0.58859196 0.54475627
 0.63481124 0.61151619 0.61153636 0.64460666 0.64960031 0.60329164
 0.62622429 0.6190252  0.60148373 0.62895658 0.69473967 0.61758826
 0.66181367 0.72664445 0.59205682 0.63716471 0.58368926 0.56500923
 0.60194331 0.67402958 0.6204062  0.67815934 0.6057377  0.67402958
 0.66872279 0.6873962  0.64460865 0.61755981 0.62647191 0.63643822
 0.68234398 0.63995409 0.61753775 0.59620815 0.73166397 0.64651072
 0.64760332 0.69698589 0.65626625 0.70565563 0.56186283 0.67340515
 0.70211637 0.646847   0.63785856 0.61034459 0.66030943 0.6541217
 0.60783436 0.69446232 0.68674846 0.66388026 0.7271004  0.58508771
 0.55388714 0.61430028 0.70578145 0.59654559 0.57162992 0.62499383
 0.6238284  0.60061922 0.67381345 0.60042279 0.6707178  0.59738285
 0.59839621 0.59869482 0.696426   0.61662153 0.6304899  0.62916676
 0.62781865 0.69140713 0.62812004 0.62757674 0.64535681 0.63655586
 0.63315178 0.60800942 0.64892743 0.66295388 0.70750022 0.64535213
 0.65576263 0.61901027 0.64509484 0.68921941 0.57496047 0.68601134
 0.73911723 0.64503385 0.61056868 0.67304762 0.61952867 0.58445572
 0.65920684 0.64087265 0.67834237 0.65191755 0.65787018 0.61902944
 0.71312692 0.61136426 0.59007816 0.65087    0.64339608 0.71646963
 0.58664164 0.63027792 0.64590708 0.71419738 0.64121295 0.63014979
 0.51097574 0.57616764 0.65158485 0.64017907 0.6142103  0.60899848
 0.62341693 0.6122982  0.60722399 0.65718463 0.63406466 0.6103926
 0.702232   0.67796646 0.56068647 0.58403668 0.48908001 0.62273336
 0.6316095  0.67542727 0.55644748 0.58903203 0.62661867 0.6970793
 0.70022444 0.66368729 0.65304802 0.65626625 0.69620749 0.61617283
 0.63828806 0.62919522 0.65492553 0.63412951 0.5696742  0.6188859
 0.63544604 0.56372172 0.69198213 0.61967004 0.64921488 0.58439726
 0.6427568  0.56538473 0.69295884 0.62512054 0.64760332 0.61308918
 0.5864106  0.68293995 0.67892944 0.7271556  0.70039984 0.58445584
 0.58287272 0.67341694 0.6057377  0.63811477 0.69303301 0.61677878
 0.66862972 0.66293564 0.6087346  0.54115286 0.64658482 0.65606282
 0.66156492 0.61801242 0.53425281 0.67859966 0.62214337 0.6479516
 0.70207073 0.59193169 0.60723273 0.54972841 0.62746291 0.6177875
 0.64934637 0.64842174 0.70642624 0.66785982 0.64483151 0.72395389
 0.67210909 0.60725725 0.7034668  0.66209678 0.61136426 0.59965
 0.578833   0.69776374 0.72395389 0.57454579 0.6673314  0.60312892
 0.62098472 0.68678946 0.63555182 0.61051969 0.68598268 0.63765696
 0.67627519 0.6409015  0.59869482 0.69397687 0.6801696  0.55203971
 0.6303923  0.64274546 0.67517215 0.63111049 0.65815472 0.66650661
 0.64621959 0.7115236  0.63404579 0.59607216 0.67710843 0.58686903
 0.57749097 0.66495948 0.56761197 0.63589912 0.67371223 0.66043475
 0.62094846 0.63161233 0.65937    0.62017867 0.64140461 0.64772606
 0.58445572 0.62736315 0.60818617 0.59031986 0.61334422 0.58310373
 0.55902525 0.63379067 0.66993257 0.7271556  0.61824498 0.5882963
 0.64259027 0.59345953 0.71797759 0.66763831 0.6527322  0.67170389
 0.61211256 0.69405698 0.62743176 0.58810379 0.60692104 0.64882889
 0.58250948 0.6324905  0.64785587 0.69284494 0.75939176 0.64321819
 0.65933247 0.66693029 0.63648441 0.61249802 0.65979584 0.64006265
 0.66267738 0.69733937 0.6707178  0.65762841 0.6242752  0.6143582
 0.60303496 0.7134529  0.66311685 0.71661305 0.69339386 0.68044468
 0.6443448  0.6655313  0.49533785 0.70917677 0.6103973  0.6077665
 0.58912232 0.67258244 0.61418784 0.73121215 0.62590404 0.65469537
 0.5906398  0.68252485 0.62610112 0.63691505 0.69238205 0.63124185
 0.6111153  0.67282507 0.59031986 0.69437069 0.60859034 0.61608081
 0.66952145 0.64451918 0.6242279  0.67306401 0.67372322 0.60217798
 0.61575077 0.69466166 0.64262695 0.58593539 0.65906315 0.58400851
 0.60697205 0.66893863 0.59209034 0.55987285 0.619396   0.56607382
 0.64151517 0.60095009 0.6663305  0.6121586  0.71860633 0.64191431
 0.58626407 0.72133835 0.65261481 0.65386073 0.68191326 0.65798378
 0.62661859 0.61148364 0.63193411 0.54227012 0.67925355 0.63839428
 0.6055551  0.65126429 0.66277526 0.64546556 0.56417063 0.66670965
 0.67490374 0.60258466 0.63228299 0.55701441 0.60425138 0.50658078
 0.61289184 0.60226952 0.69756165 0.75924301]",0.04512461167066219,0.936785617724984,"[0.92968862 0.93232923 0.94403373 0.95908424 0.93323495 0.95116654
 0.93679545 0.93527061 0.90902883 0.94687131 0.92986801 0.96186224
 0.9456952  0.93133395 0.9453522  0.93097984 0.92883006 0.93323405
 0.93617021 0.93274773 0.95146813 0.93908514 0.94598214 0.94028173
 0.95010932 0.9247449  0.89110332 0.93117298 0.94520308 0.93381568
 0.95389566 0.9413316  0.93228793 0.94793975 0.948821   0.91148548
 0.95343158 0.93555454 0.93144503 0.94572327 0.93607886 0.93793704
 0.93253514 0.93496855 0.93888062 0.93891512 0.94207848 0.91541328
 0.94746377 0.9234375  0.9226707  0.93298742 0.94531017 0.9277474
 0.92240323 0.94946435 0.93449648 0.94148546 0.91840618 0.93305785
 0.927489   0.93549083 0.93934949 0.93442388 0.96047989 0.91376576
 0.93374543 0.9410248  0.93185391 0.95915179 0.90274966 0.92768362
 0.92982625 0.94946706 0.92384985 0.93229558 0.92297317 0.93901483
 0.94643864 0.94517544 0.91808943 0.91912369 0.93814794 0.93510842
 0.95534591 0.9460988  0.9367236  0.9496729  0.92644852 0.92430228
 0.94537046 0.93632075 0.94764257 0.93563259 0.94527978 0.92207265
 0.92789308 0.93355482 0.95345912 0.95723684 0.92390791 0.92037037
 0.94587764 0.9380805  0.96067714 0.92865547 0.92916476 0.93294187
 0.91718755 0.93103692 0.91726038 0.90916965 0.94118749 0.92683722
 0.9377756  0.94097717 0.91139159 0.94785021 0.95765844 0.93464425
 0.93746515 0.94149983 0.94540881 0.95907211 0.94808815 0.94298043
 0.94680998 0.94163272 0.93425404 0.93974225 0.94326178 0.92795699
 0.92141509 0.92825256 0.91558021 0.93416551 0.94540054 0.93231363
 0.94310224 0.93431614 0.92842767 0.93006627 0.95200119 0.93822235
 0.95284174 0.96431399 0.94905684 0.92162121 0.94265539 0.93466199
 0.9520251  0.94646816 0.94902032 0.92109929 0.94632557 0.93311404
 0.9335159  0.93961659 0.93517081 0.94505459 0.91947071 0.9376947
 0.94838455 0.95331398 0.91768293 0.92567731 0.94714906 0.92902335
 0.94449285 0.94194367 0.94348694 0.93769991 0.95000827 0.95311866
 0.93119924 0.921875   0.9241649  0.91848926 0.9476252  0.94852833
 0.92194915 0.95068436 0.96138958 0.94739728 0.92622239 0.93297491
 0.94505981 0.94046556 0.94858033 0.93980828 0.93106918 0.92383412
 0.94160013 0.93783261 0.93844968 0.95345303 0.93016769 0.92598491
 0.9378949  0.92984444 0.9290091  0.91238976 0.93512579 0.93578616
 0.92569229 0.93268121 0.93723633 0.92679143 0.93863451 0.92930933
 0.94243018 0.95097846 0.91087783 0.93797565 0.94466561 0.93992014
 0.94061208 0.94093843 0.93936474 0.9324085  0.94504546 0.95108696
 0.93112245 0.91078139 0.9501737  0.92930716 0.95201582 0.92653811
 0.94276468 0.94732518 0.94958678 0.9287496  0.92453213 0.93233433
 0.94545782 0.92737037 0.94780179 0.9570029  0.93639861 0.94990161
 0.92649578 0.93579796 0.92902433 0.92370729 0.92832888 0.94796467
 0.945816   0.94612421 0.91724255 0.94387565 0.92304975 0.9370319
 0.95417701 0.93966225 0.9381711  0.92594451 0.9440943  0.93117584
 0.95602862 0.96084184 0.94224239 0.95210459 0.9611249  0.91711547
 0.9381761  0.93844851 0.93647125 0.94090974 0.93134566 0.92514124
 0.93627267 0.94386943 0.95047149 0.93611111 0.93054958 0.91596639
 0.92582799 0.95561499 0.94710744 0.96004753 0.94300695 0.93511922
 0.93511993 0.92156863 0.9402065  0.90073174 0.9458227  0.92864848
 0.95237178 0.93072289 0.93166777 0.92874204 0.94670162 0.93579904
 0.95366854 0.92538829 0.94589681 0.91702509 0.93709043 0.94033801
 0.93425606 0.93420904 0.91751103 0.94740143 0.93533453 0.93776261
 0.93590221 0.95431195 0.93759565 0.94845759 0.95350216 0.94744898
 0.92984444 0.93983051 0.95774386 0.9253309  0.94606333 0.94215415
 0.94602879 0.92981462 0.94358116 0.93057571 0.92532318 0.94290123
 0.93707547 0.92747603 0.95098319 0.95178694 0.92102133 0.93511127
 0.94328869 0.95244451 0.93730815 0.91495628 0.92714348 0.95098573
 0.9440922  0.95014193 0.94169439 0.90144531 0.95826446 0.91691778
 0.93351911 0.94129171 0.9442951  0.92778361 0.95091986 0.93527754
 0.92881796 0.95142899 0.95380435 0.93612768 0.93298585 0.94180254
 0.93570621 0.94322959 0.95920288 0.92783751 0.93522929 0.93943089
 0.93853547 0.91935908 0.94165511 0.94434923 0.92865414 0.9351504
 0.95225989 0.91857105 0.9401554  0.96603261 0.95887889 0.93464187
 0.93921454 0.93055556 0.94941848 0.92840191 0.95076164 0.92414877
 0.92933094 0.94992775 0.94179245 0.93036502 0.95140306 0.94836452
 0.92772786 0.9408742  0.92956867 0.93439913 0.92264038 0.92519948
 0.92886179 0.95215042 0.94180557 0.92257683 0.95602646 0.95040838
 0.95614738 0.91957398 0.93085314 0.95139467 0.92511344 0.93634393
 0.94151139 0.93867981 0.9508077  0.93892699 0.94270956 0.95389031
 0.92952806 0.93897935 0.91158537 0.9126219  0.94981731 0.94737157
 0.93850831 0.93575288 0.93643807 0.94012223 0.94866071 0.9438259
 0.9237563  0.94502169 0.93856033 0.93654337 0.93553523 0.93432511
 0.93698815 0.94809008 0.91974313 0.95452356 0.92085065 0.90640858
 0.9373706  0.92005322 0.92336154 0.91503222 0.93943129 0.934733
 0.93699712 0.93255608 0.95527975 0.93431993 0.9101514  0.95203106
 0.93939665 0.94817479 0.93699066 0.9499334  0.93242017 0.9609322
 0.91755319 0.95171315 0.9390625  0.93476978 0.94657112 0.94735046
 0.95516037 0.92884962 0.9440537  0.93815504 0.89690003 0.92441197
 0.95436073 0.9364417  0.94273706 0.92914162 0.92346116 0.92513352
 0.94502134 0.95839112 0.93456316 0.92541462 0.95344388 0.9459434
 0.91778105 0.936433   0.9140566  0.94781962 0.93903513 0.94332298
 0.9515625  0.95959316 0.93464425 0.94067296 0.92417381 0.94770289
 0.94428027 0.93524426 0.92311283 0.92117851 0.93536774 0.95270924
 0.94108244 0.93384764 0.92638365 0.92555378 0.91563572 0.93762095
 0.93442919 0.95327103 0.93300478 0.92196024 0.91886646 0.95098852
 0.91162048 0.93727235 0.93234705 0.93112304 0.9582925  0.92410256
 0.94004465 0.92267933 0.94051282 0.92866221 0.94143082 0.94312279
 0.93695345 0.92774971 0.94792199 0.95602824 0.94691824 0.92609159
 0.92790931 0.94154719 0.94947484 0.92911846 0.94221209 0.94674704
 0.94575577 0.92975257 0.94105218 0.93349775 0.94937276 0.94310002
 0.94842655 0.9231761  0.90984811 0.93836288 0.94968112 0.92549908
 0.94604741 0.91639118 0.92491489 0.94696486 0.94282827 0.95049699
 0.93917229 0.93146742 0.94227707 0.92741563 0.93112306 0.89422832
 0.94654584 0.95492424 0.95021351 0.90660216 0.92884962 0.94840152
 0.92977401 0.94575435 0.93294702 0.95998839 0.93679569 0.93901396
 0.96327543 0.92191508 0.94327957 0.93559507 0.92987883 0.95423451
 0.94496965 0.95774387 0.91551766 0.91968553 0.93831617 0.92344683
 0.92054868 0.93937433 0.94336356 0.92633929 0.92625786 0.95102041
 0.92279661 0.95548469 0.93621387 0.9388973  0.93457996 0.91290105
 0.95985867 0.95702862 0.94254157 0.94148092 0.94598881 0.9334652
 0.9498116  0.93358491 0.93630369 0.92625525 0.92344692 0.94502134
 0.94662299 0.93671196 0.9427044  0.89938792 0.95108848 0.93181477
 0.92208353 0.90584416 0.93902328 0.94687349 0.94450418 0.94154713
 0.94598536 0.93405612 0.92508406 0.95766219 0.91589837 0.95137188
 0.93676101 0.96266322 0.93094957 0.92304884 0.92466501 0.94047619
 0.93469127 0.94427507 0.93759705 0.91948995 0.91248574 0.92038707
 0.92511243 0.92818878 0.93643251 0.93612768 0.94025157 0.92252424
 0.93948183 0.92563776 0.93063485 0.91900139 0.94593928 0.93500248
 0.93859499 0.95155561 0.92198142 0.93852158 0.92210744 0.91762773
 0.93536415 0.95139693 0.92477987 0.94783163 0.92197066 0.94492444
 0.95113742 0.95927673 0.93468795 0.92814594 0.93761492 0.93214926
 0.93292939 0.93062795 0.93078117 0.91754929 0.96113208 0.95095121
 0.92947697 0.95372179 0.92536133 0.95333225 0.93993711 0.94242864
 0.94560025 0.93079184 0.9361926  0.93057479 0.93012772 0.94138881
 0.92899914 0.94732954 0.94916016 0.93498266 0.96077806 0.93382533
 0.92005866 0.92307692 0.96035609 0.93462264 0.92901464 0.94267054
 0.9363458  0.92284609 0.93088091 0.9277651  0.93844515 0.93167128
 0.92978158 0.92314815 0.96236762 0.94403373 0.94387293 0.9299317
 0.94418216 0.95059651 0.9260454  0.92277916 0.93851626 0.93209496
 0.94027838 0.93195372 0.9207695  0.93283706 0.94621897 0.92841303
 0.94231943 0.94361783 0.92985232 0.94918931 0.92501821 0.95994624
 0.9619883  0.92435637 0.93175819 0.95773179 0.92992916 0.92764272
 0.93549107 0.93353011 0.94893274 0.94738387 0.9484403  0.93500328
 0.96513778 0.92313371 0.92732972 0.93294598 0.93556911 0.96233626
 0.91882043 0.91494315 0.9481013  0.95486858 0.93899495 0.95295699
 0.91284938 0.92609031 0.92634703 0.93706414 0.94627119 0.92950542
 0.9196299  0.92858664 0.91104257 0.93739141 0.95864351 0.93391832
 0.95558816 0.94507835 0.90822334 0.93106787 0.90697519 0.9224455
 0.94337926 0.9505757  0.9199243  0.93214666 0.91729634 0.93909439
 0.95689482 0.95496729 0.94391923 0.94179218 0.96074278 0.91953571
 0.93344161 0.93686842 0.93426427 0.93565525 0.92286164 0.94119497
 0.94409    0.92052807 0.94465741 0.93430908 0.93339419 0.91556895
 0.93775388 0.92704836 0.93787336 0.94205377 0.93921485 0.93055941
 0.94016086 0.95060632 0.94371302 0.95522959 0.94223164 0.9335901
 0.94021469 0.94575585 0.94371811 0.93965172 0.95265854 0.94083782
 0.94212219 0.94927401 0.92634552 0.92109724 0.95335803 0.94143921
 0.93507543 0.92974126 0.92029815 0.96283163 0.93472218 0.94911452
 0.94073047 0.91317685 0.9126506  0.91605977 0.92938842 0.93506025
 0.93627808 0.93744999 0.95254864 0.93266169 0.95105563 0.94383117
 0.94371832 0.93551081 0.95376791 0.91423693 0.93579805 0.91470386
 0.93302915 0.95010424 0.94938017 0.95090153 0.94350439 0.93457944
 0.92975482 0.94534154 0.94196535 0.92780467 0.94785921 0.94056283
 0.93432589 0.927489   0.91804062 0.95146798 0.93874214 0.91629446
 0.92992121 0.93387288 0.92881906 0.9327514  0.94133515 0.93293269
 0.93777904 0.9444361  0.92326183 0.95045345 0.94138881 0.91688345
 0.92371813 0.93091195 0.92119691 0.93760454 0.93426561 0.93913043
 0.95558036 0.94347548 0.93224838 0.93528536 0.92827684 0.93839589
 0.92845912 0.92387038 0.93820431 0.93595315 0.92087372 0.92202203
 0.92910944 0.93315243 0.9303719  0.95564413 0.9352952  0.91981132
 0.93369176 0.93587571 0.95726778 0.92615819 0.93584184 0.95710151
 0.92273597 0.95364422 0.95163522 0.93424604 0.94007749 0.92648714
 0.9125942  0.92780467 0.94965327 0.95019017 0.96823632 0.93108162
 0.92459119 0.93785014 0.93852158 0.92421384 0.9387371  0.93551587
 0.9379057  0.93256707 0.9474517  0.94538544 0.92160452 0.93761492
 0.92848605 0.94850904 0.94028317 0.96095367 0.95477642 0.944515
 0.92220005 0.93743258 0.90185535 0.94462025 0.92520756 0.9221505
 0.91043398 0.94437107 0.93220189 0.96334757 0.93394763 0.95018116
 0.92415264 0.95834658 0.93425972 0.94351717 0.9388365  0.93856033
 0.92426658 0.93869626 0.93302512 0.95755489 0.91103831 0.93012103
 0.93138183 0.92141675 0.9398374  0.94325782 0.94695122 0.9168804
 0.9421245  0.94257862 0.93042184 0.94071133 0.94924152 0.93902328
 0.93417654 0.94203045 0.94339623 0.9199788  0.94066636 0.9091438
 0.93077742 0.92966237 0.91878189 0.95345133 0.96120702 0.94652546
 0.94400916 0.94149112 0.94744812 0.94170546 0.95165816 0.9513022
 0.94218774 0.93283649 0.94166463 0.92110289 0.93996939 0.94509357
 0.93512579 0.93206562 0.93715764 0.93747217 0.91272706 0.94145067
 0.95560708 0.92417473 0.9388422  0.9145727  0.93425788 0.89821033
 0.93034011 0.9386004  0.94322636 0.96339571]",0.012448843949020362
2,A0301,BLOSUM50,1340,0.7489226306782683,"[0.75955983 0.72808982 0.76265531 0.83978258 0.79080854 0.82054168
 0.76281533 0.75241135 0.60932349 0.79057313 0.7134529  0.80736468
 0.80178145 0.73996229 0.7900511  0.75917384 0.67848771 0.74681989
 0.77213063 0.75271909 0.77667878 0.70889067 0.73710391 0.72194707
 0.75598064 0.68971497 0.69735312 0.72085594 0.7998588  0.71986083
 0.8189274  0.77196471 0.74083407 0.77715306 0.78374957 0.7019913
 0.69756736 0.79096066 0.72476699 0.73926868 0.75075649 0.78827757
 0.71941628 0.70589451 0.74497295 0.76977477 0.73968205 0.75617126
 0.76002621 0.77135416 0.71584042 0.78247756 0.74186085 0.75205179
 0.74153151 0.81332517 0.73630099 0.77887176 0.71536624 0.70978218
 0.70641512 0.69615364 0.77205328 0.68698775 0.83381548 0.71148552
 0.74509602 0.78946295 0.73809544 0.80041017 0.75917384 0.75709908
 0.73501541 0.79650305 0.73741196 0.75356909 0.72647117 0.74033993
 0.78257614 0.73805259 0.74200622 0.70666674 0.68965935 0.75789773
 0.74657371 0.77698735 0.78582838 0.7695869  0.75081181 0.74789676
 0.7620328  0.7451529  0.78960761 0.74094747 0.80248611 0.72772629
 0.72501394 0.71727574 0.71148909 0.78951743 0.7508178  0.71309774
 0.82138705 0.73950951 0.80489756 0.70086206 0.74411573 0.74898731
 0.71941628 0.72416497 0.7123745  0.72101657 0.72675549 0.69268713
 0.77484526 0.73718789 0.75116506 0.78003724 0.77289657 0.78832218
 0.75249907 0.83943845 0.80332363 0.78197169 0.71412462 0.7809884
 0.8012608  0.75839925 0.7698381  0.73026104 0.80237805 0.71718131
 0.71018677 0.76948983 0.72696223 0.71738365 0.78208452 0.75912813
 0.76733773 0.80507202 0.74035646 0.7591342  0.78780482 0.78038975
 0.78853441 0.81592549 0.77889782 0.71075354 0.78065217 0.77863081
 0.79692284 0.72510163 0.78761299 0.71817019 0.83203025 0.81501939
 0.72779574 0.77126106 0.75804086 0.73525428 0.73631527 0.71980213
 0.78602233 0.75153062 0.73887709 0.76432344 0.67225779 0.71010534
 0.73341232 0.75732062 0.77143017 0.72617752 0.77420921 0.83260663
 0.77705135 0.66975827 0.66078735 0.74169414 0.76620294 0.81962244
 0.67371023 0.78266968 0.85835491 0.78314948 0.74425811 0.70660205
 0.75076196 0.69360151 0.77104333 0.73185608 0.7462615  0.6938725
 0.75889664 0.8001147  0.73326476 0.76654623 0.75723972 0.69299414
 0.75981561 0.74710736 0.72211868 0.65505772 0.78203291 0.6801696
 0.76088023 0.75342273 0.7069056  0.75886921 0.75488291 0.73121588
 0.76856685 0.79561842 0.68537486 0.8210294  0.76155292 0.78891719
 0.7766186  0.73501541 0.78500814 0.79720044 0.73644973 0.78696951
 0.72958662 0.7108191  0.76416697 0.73264911 0.74181762 0.71453552
 0.79501455 0.73964665 0.73530578 0.74747918 0.72297362 0.75145751
 0.79298104 0.65062235 0.78659575 0.80502098 0.71633053 0.74959724
 0.73996229 0.76957011 0.78276473 0.71857322 0.74690195 0.77920308
 0.77121096 0.78698183 0.68205556 0.74497295 0.74000581 0.75271909
 0.76325252 0.742279   0.76172038 0.73069824 0.76752425 0.79391987
 0.75028256 0.80752766 0.80113215 0.70686813 0.82158635 0.67235004
 0.79633349 0.73393796 0.78418818 0.78448783 0.74250688 0.73800877
 0.76395072 0.76209968 0.73638014 0.78165557 0.72044523 0.72255613
 0.7606508  0.73866957 0.79057313 0.80582852 0.77135483 0.72235174
 0.71026379 0.7541426  0.73180829 0.68047133 0.7857778  0.77372244
 0.79236037 0.72523347 0.73264143 0.72083198 0.75124482 0.73965668
 0.76913162 0.72097938 0.7578117  0.65319737 0.76484009 0.78590317
 0.80781399 0.71272283 0.74893529 0.82126749 0.72097938 0.7615299
 0.73648537 0.7605517  0.73577215 0.74909768 0.78758518 0.82877504
 0.74088911 0.75074726 0.78401899 0.76949301 0.75304978 0.79578326
 0.7862603  0.79743547 0.69850436 0.77867882 0.70680108 0.78138175
 0.76956282 0.75684158 0.75886921 0.76040513 0.72947552 0.75799779
 0.76968402 0.82671884 0.74455186 0.74759854 0.73613372 0.73182838
 0.79148135 0.76529384 0.74191218 0.7085268  0.74350511 0.7400073
 0.69746132 0.72655765 0.78780482 0.71469867 0.76593405 0.82309951
 0.73833436 0.7623846  0.77081986 0.67290419 0.77837364 0.74158734
 0.74578159 0.72402528 0.78960761 0.76764415 0.70045482 0.75503719
 0.72910029 0.74215492 0.73809544 0.74191218 0.71311236 0.73367068
 0.76326771 0.70387605 0.78963105 0.81881368 0.74274155 0.7899309
 0.77584447 0.7568629  0.75903393 0.72603897 0.76312281 0.68583272
 0.74743145 0.81600945 0.73375964 0.68332679 0.79396907 0.79050504
 0.69790374 0.75596536 0.706313   0.73901519 0.72853975 0.76225776
 0.70774444 0.75957711 0.8273215  0.75072998 0.7678907  0.75200544
 0.8286814  0.73766004 0.70558193 0.7668921  0.71840022 0.72895593
 0.75335937 0.73370643 0.76349849 0.76278201 0.79068674 0.78668513
 0.75670962 0.77715306 0.72342208 0.68353372 0.79837392 0.76856534
 0.77229821 0.74813404 0.74604727 0.70920682 0.77735132 0.81553809
 0.68752588 0.76793573 0.76764521 0.75732984 0.79097445 0.76455696
 0.65184627 0.78491877 0.70630633 0.77086568 0.71191575 0.67369153
 0.73393689 0.7574896  0.70599249 0.77277888 0.71941628 0.7349489
 0.74917192 0.75930363 0.78669651 0.77156089 0.69961483 0.74238489
 0.78165557 0.75763391 0.76205182 0.77666412 0.7576365  0.80693255
 0.68093682 0.76406449 0.74250688 0.77827419 0.77143017 0.79246054
 0.7725543  0.69406864 0.80634073 0.74235133 0.70165288 0.70931556
 0.83752473 0.74412121 0.70307742 0.75939506 0.64124378 0.74895689
 0.71451165 0.77349065 0.71033495 0.76260794 0.79134347 0.73466838
 0.73941726 0.72252661 0.73375964 0.77651841 0.73642885 0.73022405
 0.76507068 0.8148016  0.74241317 0.77100858 0.73249418 0.81412882
 0.77119361 0.71242126 0.70086591 0.71939643 0.79988765 0.7336103
 0.79231043 0.83283568 0.73238623 0.7218225  0.67273514 0.71584258
 0.73178232 0.79132235 0.7510001  0.66819244 0.6523584  0.76603077
 0.72956247 0.72523347 0.74499599 0.7573052  0.81595103 0.7547773
 0.7568629  0.75261167 0.7508848  0.76595211 0.76455696 0.75781399
 0.73208959 0.71515238 0.82637909 0.80133331 0.79429865 0.75572736
 0.7588253  0.72742851 0.79636996 0.7505239  0.69601655 0.76958014
 0.70865995 0.75387259 0.74040703 0.72286547 0.74623881 0.77836845
 0.75679333 0.70978117 0.68456419 0.76937263 0.75732984 0.74068238
 0.79300579 0.68842387 0.72660952 0.77713863 0.78388476 0.8099111
 0.77311471 0.75414195 0.79560219 0.77530708 0.72319871 0.7136596
 0.75072998 0.74441844 0.79016754 0.72576457 0.69963302 0.82467209
 0.78904763 0.72411484 0.72858581 0.80101168 0.80248819 0.76654623
 0.79183064 0.71369701 0.75450789 0.72990817 0.75732984 0.78746023
 0.78781312 0.80800149 0.69488345 0.72603618 0.75566514 0.65035285
 0.76388089 0.73846246 0.77234759 0.74304318 0.78203291 0.74214277
 0.7507111  0.79347227 0.69882346 0.74917192 0.76727671 0.79184002
 0.68056827 0.79134533 0.72925515 0.71127888 0.77984933 0.72029421
 0.74422743 0.73921494 0.74772557 0.74680189 0.75761498 0.67940381
 0.71825072 0.79419778 0.7558077  0.71482442 0.76406449 0.71118603
 0.72378076 0.73069824 0.81046297 0.78486255 0.80783602 0.76048181
 0.69975713 0.72958662 0.66811549 0.77940828 0.74180494 0.73302463
 0.73926868 0.77312918 0.73523827 0.71443042 0.7547773  0.7539851
 0.74367112 0.77838539 0.80449061 0.70707928 0.73042488 0.67582627
 0.7162629  0.69251374 0.75258974 0.7772474  0.7538541  0.75104094
 0.74512466 0.69844221 0.72819958 0.68144374 0.80088475 0.70120171
 0.72963008 0.74943283 0.66488682 0.75272169 0.71033495 0.7304401
 0.76937263 0.76257693 0.69951587 0.7433822  0.77853877 0.7357183
 0.83302223 0.80332363 0.73758095 0.70935869 0.78138175 0.75615125
 0.74209091 0.75719594 0.75493445 0.69161404 0.81735505 0.78141831
 0.70936338 0.7997067  0.72819607 0.79649448 0.71018677 0.70994814
 0.80084074 0.71725779 0.73557692 0.74461567 0.75494658 0.71489058
 0.62133063 0.80039306 0.66474883 0.74479731 0.80123287 0.71948811
 0.67454021 0.6851988  0.82118433 0.75339901 0.75018429 0.77867882
 0.6856381  0.71470013 0.78356527 0.72085594 0.74977554 0.73352519
 0.72433052 0.67819346 0.80113525 0.74240434 0.6926398  0.76427712
 0.74478988 0.82081169 0.74764716 0.71821241 0.76031573 0.78589786
 0.74102387 0.75042774 0.69435393 0.74439516 0.77182757 0.69716903
 0.73231831 0.7695869  0.76655358 0.78029414 0.71461856 0.73370643
 0.77262784 0.67534384 0.74320828 0.79724878 0.75779303 0.73687844
 0.74673274 0.74434895 0.79300579 0.71916185 0.75938063 0.74233055
 0.84371194 0.76878708 0.7524403  0.79850808 0.77290857 0.78003724
 0.70467983 0.67126323 0.69479265 0.81523009 0.73559459 0.7811638
 0.70709284 0.73965668 0.74555199 0.72647117 0.72581468 0.76295341
 0.70621419 0.74928895 0.70994814 0.77229821 0.78445298 0.72746346
 0.77678555 0.75678312 0.67954661 0.68393084 0.62932058 0.73326296
 0.79486371 0.77472662 0.75145751 0.70048395 0.75119176 0.76413402
 0.73299682 0.7901994  0.69499594 0.71402298 0.79618772 0.75293619
 0.80482915 0.74202081 0.70089652 0.75823318 0.6660674  0.7263622
 0.75200544 0.70975208 0.79334491 0.7002988  0.72154338 0.72691742
 0.7269962  0.68721261 0.76089346 0.79607095 0.73106557 0.73076641
 0.70886138 0.72664445 0.74777721 0.77853877 0.75699529 0.67497183
 0.78648237 0.74169414 0.72875652 0.71879047 0.76801057 0.8230577
 0.83294617 0.73648537 0.7223587  0.71690449 0.74422743 0.77189328
 0.78165938 0.75238318 0.67829573 0.80098685 0.72716016 0.75191632
 0.75981561 0.70715928 0.70821221 0.6560583  0.77559655 0.71817591
 0.73484724 0.74756784 0.7723004  0.7698381  0.79388029 0.79080854
 0.73585513 0.67899894 0.80800149 0.6791984  0.74285302 0.65716926
 0.73440563 0.78981438 0.77740846 0.77349065 0.72801534 0.73901519
 0.743378   0.75684158 0.74316795 0.72880036 0.76376691 0.72038673
 0.77096572 0.78182013 0.69933493 0.79584152 0.7538541  0.68205139
 0.72948651 0.73413987 0.69733937 0.68401297 0.78735641 0.7562394
 0.74456512 0.80637935 0.76949301 0.83497226 0.78747737 0.66653953
 0.71191549 0.731938   0.69823875 0.75007928 0.76937263 0.77856756
 0.77161651 0.79735525 0.78951743 0.71938824 0.69947759 0.75238318
 0.70177477 0.73481165 0.73517401 0.76611778 0.73657849 0.76250212
 0.68159974 0.77387104 0.71991859 0.82165644 0.67164945 0.69083587
 0.71356557 0.69985423 0.75238318 0.75689294 0.74214277 0.80067175
 0.7136596  0.84184868 0.81032774 0.72465842 0.77854365 0.75572736
 0.74158577 0.76655358 0.78167873 0.76949301 0.81407161 0.702232
 0.76834497 0.74097289 0.74680701 0.71719536 0.70511953 0.78157743
 0.69406864 0.79075541 0.77074362 0.75984591 0.73249418 0.77119361
 0.74675352 0.78902341 0.81715193 0.76757878 0.74533219 0.75747677
 0.70177477 0.76617137 0.67464397 0.73684049 0.73271293 0.71215195
 0.69165353 0.7158244  0.70534105 0.84032095 0.72497435 0.79016754
 0.70751983 0.7837322  0.77020315 0.77804497 0.71712185 0.78912798
 0.73505545 0.75231691 0.72382924 0.76525483 0.67552077 0.74201014
 0.73299682 0.71919367 0.8002318  0.71690449 0.83285343 0.73026104
 0.75684158 0.78922543 0.74186085 0.73141018 0.8100631  0.74196172
 0.74408711 0.75770424 0.70882141 0.61709498 0.75569592 0.67273514
 0.74180494 0.74173585 0.73557692 0.76600304 0.79506371 0.74999774
 0.71916185 0.76700397 0.73580642 0.75191658 0.74954989 0.81535136
 0.7901994  0.76600304 0.73987229 0.69768402 0.78371744 0.79617188
 0.71236794 0.73292071 0.8196755  0.67357753 0.73274136 0.77757669
 0.82044757 0.73047921 0.78157743 0.69618502 0.74328187 0.67168805
 0.72585107 0.76278201 0.73282681 0.81595449]",0.0384518635911308,0.9679145271828453,"[0.96076912 0.96351742 0.97568362 0.98079145 0.97136954 0.98361876
 0.96704885 0.96967876 0.95243609 0.97080874 0.97125631 0.98523597
 0.97048858 0.9560958  0.97514073 0.95979693 0.95277651 0.96149789
 0.96161676 0.95854523 0.98000913 0.96412396 0.97433036 0.96854796
 0.96910583 0.9666773  0.94617347 0.95889244 0.97411881 0.96078954
 0.97933604 0.97015388 0.95994624 0.97221955 0.97074281 0.95290395
 0.96964534 0.97158071 0.96389656 0.96924528 0.96843251 0.96999855
 0.95495495 0.96647799 0.96729958 0.97433921 0.96550664 0.95904472
 0.97001165 0.96348852 0.96040763 0.98059748 0.97419355 0.95532142
 0.96028295 0.97466971 0.96627431 0.97121225 0.96249185 0.96418733
 0.96623758 0.96406226 0.97117347 0.95850194 0.98292839 0.94932799
 0.96810218 0.98027759 0.95290492 0.97853954 0.96431611 0.95827684
 0.9667598  0.97203171 0.96064791 0.97247348 0.96171617 0.96710151
 0.98079036 0.97126039 0.96747967 0.96071809 0.96487111 0.97018495
 0.98106918 0.97870499 0.969397   0.97374106 0.96306556 0.96489707
 0.98150111 0.96673924 0.97113284 0.96519024 0.97375004 0.96486242
 0.96201258 0.96405145 0.97188679 0.98000346 0.9527745  0.95740741
 0.97984281 0.96219651 0.98269669 0.9593055  0.95986612 0.97014086
 0.95786014 0.96467055 0.94848168 0.95471924 0.96726739 0.95574385
 0.97014331 0.96763877 0.95956579 0.9778086  0.97854374 0.96130585
 0.97115356 0.97751195 0.97915094 0.9768387  0.96807231 0.96837725
 0.96775527 0.9700831  0.96950024 0.96820873 0.98037469 0.95415173
 0.96531447 0.96470437 0.96458622 0.96057944 0.97841132 0.96081025
 0.97201797 0.95883437 0.9641195  0.96341501 0.9755675  0.97514328
 0.97997305 0.9861309  0.97595557 0.96384651 0.979513   0.97952806
 0.98101061 0.96923077 0.9729076  0.96023772 0.9836728  0.97483841
 0.95947056 0.97378447 0.97078804 0.96877953 0.95561803 0.96981084
 0.97901891 0.97795718 0.96246612 0.97257499 0.96431073 0.95934098
 0.97262584 0.97157779 0.96468312 0.97229803 0.96681555 0.98300903
 0.96559962 0.95681289 0.94430504 0.95272505 0.97325298 0.97904745
 0.9560452  0.9699237  0.98544251 0.9724723  0.96419707 0.95564516
 0.96721311 0.9598852  0.97893583 0.97457704 0.9727673  0.95560339
 0.97184292 0.97417755 0.96683618 0.97786644 0.97361965 0.96324789
 0.96825397 0.97063327 0.96393557 0.95094317 0.97037736 0.9636478
 0.97606108 0.9624596  0.96567657 0.96713214 0.96708489 0.96490555
 0.96894904 0.97514447 0.9496729  0.97121657 0.96839784 0.97190167
 0.98061208 0.96094678 0.97029258 0.96549587 0.97318539 0.97777562
 0.96218112 0.9540097  0.9700579  0.9678082  0.9757797  0.96453564
 0.97632917 0.97496845 0.96993802 0.9775215  0.96480487 0.96370067
 0.96375875 0.96100009 0.97220302 0.97971093 0.97490072 0.97476341
 0.95453316 0.97161114 0.97499353 0.96447946 0.96246657 0.97736998
 0.97173679 0.96551086 0.96392276 0.96767188 0.96483284 0.96702111
 0.96830438 0.97425833 0.9648401  0.95103306 0.96889589 0.96708276
 0.97580238 0.98268495 0.97030982 0.97203444 0.98355666 0.95761448
 0.9727673  0.97059621 0.96333198 0.97821782 0.97503189 0.96748588
 0.96721423 0.96588682 0.96901204 0.97410394 0.96297891 0.95832045
 0.95659722 0.97809298 0.97449823 0.98073032 0.97462149 0.96282575
 0.96552523 0.96168884 0.96529511 0.94847605 0.9729273  0.97068886
 0.97803257 0.96035304 0.95937431 0.96460069 0.97193938 0.96893204
 0.96864282 0.95689964 0.97276085 0.95519713 0.97015828 0.96664541
 0.97902417 0.96528249 0.97072874 0.97329749 0.95678017 0.97017974
 0.96888186 0.97729947 0.96836056 0.97859327 0.97844828 0.97519133
 0.96346766 0.96225989 0.98132291 0.96254374 0.97587816 0.97663353
 0.97806293 0.96595759 0.9694341  0.97097242 0.9561115  0.97189388
 0.96946541 0.96305088 0.97432    0.97174012 0.96399246 0.96371553
 0.96890535 0.98392572 0.96219008 0.95248971 0.97525025 0.973724
 0.97557548 0.96652708 0.96817556 0.95551499 0.97754821 0.95247525
 0.96245713 0.9657642  0.9702509  0.95798319 0.97191349 0.97435167
 0.9600076  0.97316118 0.97991071 0.95524253 0.97496277 0.97606108
 0.9749435  0.96281571 0.97526632 0.97219235 0.97175454 0.96097561
 0.9660248  0.96526136 0.97238403 0.96911651 0.95837416 0.96324789
 0.97881356 0.95948253 0.97651126 0.98570135 0.96885484 0.96883609
 0.9692029  0.96532703 0.97454466 0.95626445 0.97435079 0.96827294
 0.96338112 0.97617367 0.96191824 0.95351543 0.98128189 0.9763274
 0.95898068 0.97401805 0.95920917 0.96411936 0.96284349 0.97426375
 0.96897019 0.969891   0.96836561 0.96161676 0.97770701 0.97053475
 0.97986996 0.9583034  0.96646332 0.97515796 0.96207591 0.96190731
 0.96929995 0.96496416 0.9677463  0.96897361 0.97349469 0.98003827
 0.97356505 0.97318303 0.95894309 0.95061971 0.97456611 0.9791816
 0.96885083 0.96736109 0.96331837 0.96741712 0.98120471 0.98022624
 0.95327103 0.97639301 0.96938471 0.9671875  0.96825881 0.96568094
 0.9617818  0.97588781 0.95107527 0.97848219 0.95149469 0.95513661
 0.97046454 0.96168965 0.97076602 0.96396049 0.97464566 0.97507987
 0.96585612 0.96670602 0.9822695  0.97313229 0.95464135 0.96899642
 0.97610514 0.97457292 0.97154783 0.98111403 0.97051887 0.98200565
 0.95544392 0.9728894  0.96160714 0.96623377 0.96749516 0.97995781
 0.97408809 0.9615275  0.97796833 0.97019091 0.96064089 0.95506965
 0.97637116 0.96961176 0.96447334 0.97078132 0.95665798 0.96814192
 0.96938535 0.9791031  0.9649941  0.9711091  0.97445791 0.9727044
 0.9638489  0.96392625 0.9522327  0.97589933 0.96896385 0.9701087
 0.97662628 0.98384959 0.9549096  0.97195986 0.95449144 0.97357364
 0.97205805 0.96828479 0.95708856 0.96079467 0.971893   0.96918844
 0.97867664 0.97370147 0.955      0.96434688 0.9500245  0.96435051
 0.96904769 0.98060186 0.96296296 0.95946987 0.952478   0.97831633
 0.96196141 0.96753292 0.96853136 0.96912512 0.98055488 0.96261373
 0.97350276 0.96192565 0.97217535 0.97422193 0.97505443 0.97172373
 0.96195571 0.96183803 0.97601947 0.97435224 0.97122642 0.96123536
 0.96734108 0.97019116 0.98133079 0.96356526 0.96159083 0.97645001
 0.9677563  0.9716438  0.96588682 0.96454374 0.97162485 0.97055721
 0.96514869 0.95194969 0.95403601 0.97835575 0.97688138 0.95439322
 0.97316332 0.95630165 0.95046382 0.97501902 0.97097011 0.98409646
 0.97292676 0.96371264 0.97504287 0.96433965 0.96317204 0.95867347
 0.9715327  0.97417355 0.97298784 0.95942553 0.96554891 0.98150416
 0.96638418 0.97201418 0.96289107 0.9778616  0.96533562 0.96684715
 0.98229942 0.95826605 0.97102748 0.95836357 0.96470026 0.98124418
 0.97473156 0.97562028 0.95654935 0.95610063 0.96769082 0.94644564
 0.96647962 0.97484975 0.97229803 0.96014031 0.96685535 0.97484056
 0.95881356 0.9778699  0.96652989 0.96974555 0.96797173 0.95734978
 0.97485229 0.97896393 0.9649727  0.96805521 0.97367616 0.96421507
 0.97438333 0.96606918 0.96615313 0.96111747 0.958116   0.96955338
 0.96942544 0.97355702 0.97106918 0.95023987 0.97151513 0.95729783
 0.96458622 0.95321724 0.9772098  0.9726657  0.97768817 0.96212913
 0.97431124 0.96422194 0.95741104 0.97416107 0.96087023 0.97789074
 0.97198113 0.98355575 0.95097846 0.959288   0.95540116 0.97162914
 0.97014219 0.9796748  0.97531703 0.96090841 0.9528063  0.95606874
 0.9609749  0.96058673 0.97234848 0.96639285 0.96584906 0.96698984
 0.97252729 0.96450893 0.96117835 0.9596548  0.973771   0.9677029
 0.96304771 0.97338927 0.95052957 0.97200458 0.96549587 0.96367051
 0.97120038 0.9705175  0.96330189 0.96989796 0.96674107 0.97280366
 0.97662049 0.97987421 0.96407837 0.96692728 0.97540714 0.96493401
 0.96795321 0.95563415 0.96833539 0.95512465 0.98399371 0.97869981
 0.95982362 0.97484749 0.95694508 0.98008799 0.96716981 0.97499395
 0.97743874 0.95724593 0.96852679 0.96384464 0.9589003  0.96634052
 0.95933134 0.97263706 0.9679481  0.96719125 0.97452168 0.95492406
 0.95763402 0.96016543 0.97862763 0.97742138 0.97015388 0.97759434
 0.96938481 0.96382369 0.96793444 0.95645824 0.96446067 0.97027932
 0.96399055 0.95639188 0.98241694 0.96737033 0.97052924 0.96870896
 0.97096702 0.97343511 0.96556153 0.95818031 0.96602787 0.97191654
 0.96022385 0.97379827 0.96027234 0.95596361 0.9690056  0.96111441
 0.96717731 0.97483645 0.96785803 0.97485156 0.95671448 0.97252091
 0.97049092 0.95094851 0.95538537 0.98060942 0.96623377 0.96568094
 0.96017219 0.95867769 0.97390792 0.97171112 0.97446958 0.96517475
 0.98386008 0.96507369 0.9652006  0.97546732 0.97123984 0.9724765
 0.96144659 0.94657112 0.96811259 0.97921147 0.96327079 0.98121266
 0.95862448 0.96323008 0.95565484 0.96670971 0.97132768 0.97184959
 0.9566703  0.971459   0.95056241 0.96376272 0.97687345 0.95852992
 0.97709389 0.97587099 0.94267598 0.96248868 0.94225127 0.97117153
 0.97299033 0.97666585 0.96487962 0.9617222  0.96378394 0.97034439
 0.97158846 0.97976571 0.96556956 0.96388255 0.98198172 0.96062505
 0.97238967 0.96780915 0.96944365 0.9701889  0.96685535 0.97358491
 0.97885653 0.95868272 0.9711503  0.96289281 0.96379127 0.94679294
 0.96908602 0.96292151 0.97485066 0.97669485 0.97127634 0.96896286
 0.97345186 0.96931651 0.9697855  0.97860332 0.97053672 0.96732026
 0.97490072 0.970132   0.97216199 0.96199723 0.96982865 0.98128981
 0.9769811  0.97393894 0.9559756  0.9628294  0.97656819 0.97253929
 0.96923491 0.96937825 0.95903395 0.98492908 0.96323828 0.97234357
 0.96745261 0.95268738 0.9488302  0.95549108 0.96673669 0.96802596
 0.96944126 0.96652441 0.96563665 0.96870407 0.9792572  0.96918536
 0.97342625 0.95773517 0.98107567 0.95472157 0.96578357 0.95365014
 0.9633758  0.97717797 0.97550177 0.98237016 0.9739251  0.97382577
 0.9634992  0.9709217  0.97099761 0.95923306 0.98075913 0.95649186
 0.96764268 0.97301613 0.95543608 0.97187246 0.97597484 0.94987593
 0.96959922 0.96624595 0.95380579 0.9517829  0.96879348 0.96020299
 0.96285741 0.96973886 0.95913586 0.97976127 0.97001362 0.95343161
 0.96581676 0.96254717 0.95663089 0.95964755 0.96748909 0.97552016
 0.98032526 0.9781564  0.9638735  0.96575682 0.95881356 0.97018962
 0.96495525 0.96564735 0.95844561 0.97136693 0.96333106 0.96110736
 0.96236708 0.97125934 0.96151122 0.98351403 0.95394415 0.95866594
 0.96326165 0.96254237 0.9753283  0.95813559 0.97570153 0.97087592
 0.96575255 0.98496345 0.98160377 0.96613518 0.97619517 0.96589077
 0.96103562 0.95954331 0.97327507 0.98058725 0.97589927 0.95602161
 0.96701258 0.97076331 0.96862987 0.96443396 0.96649528 0.96597806
 0.96184415 0.9712028  0.96744257 0.96995866 0.9617818  0.96949698
 0.95741266 0.97138667 0.97639301 0.98107531 0.97945703 0.96404814
 0.96429003 0.96840808 0.95550314 0.96909903 0.96375199 0.96663134
 0.94589681 0.96433962 0.96570248 0.9838574  0.96854058 0.97858437
 0.95644107 0.98208797 0.96846981 0.97913643 0.968925   0.9823178
 0.96549745 0.96427801 0.97226075 0.97491749 0.94893535 0.96214889
 0.96257713 0.95861574 0.96412602 0.96776083 0.9773374  0.95801273
 0.9712028  0.97506289 0.96595533 0.97210918 0.98029284 0.97358892
 0.96742971 0.97318278 0.96477383 0.94870164 0.97419747 0.94362445
 0.96662103 0.96398788 0.94904337 0.97607957 0.9761207  0.9679675
 0.96681046 0.96601256 0.96941896 0.97413001 0.97637117 0.97796271
 0.97395405 0.97009947 0.97118447 0.96704518 0.96811069 0.97153352
 0.96059748 0.96795493 0.97677857 0.95893827 0.96915808 0.97479291
 0.98202104 0.9677029  0.97239729 0.95848214 0.9654691  0.95218165
 0.96942544 0.97066595 0.969439   0.98321776]",0.008124455985363216
